,date,title,url,domain
0,2026-06-21,"Latest Trade Intel on the Giannis Antetokounmpo Deal: Lakers, Pistons, Celtics, Heat, Trail Blazers, and Clippers",https://news.google.com/rss/articles/CBMi6gFBVV95cUxQYW5rT2hSQzhrLVFlalQ3bXBsb3lHRnRDV1NvbTFNRTRSTlo5MDhDYzBBbVRESm10dy16XzdZaFdDUUJmWVJmOERxYVZvbmFwTHlXMjBQWU9rSVh2ZDdoUTdOQ0hOaGZZSEVjbjhmTl9DSkZLZXBzaXl4X2hJWnFwQ19jUGR1ek0xd1k0UHVYM2J4WGp5eFhBVkctaU0zM1phRFBYYkEyME9laXBEZkZvazRJVUswVGJhbkxIemJhZVhBME5YcTFfRWVJcFBzS2xpNjdQd1FhLVRBb0NjWXoxNHhJMGp1RW1JLXc?oc=5,Sports Illustrated
1,2026-06-21,Michigan Recruiting Intel: Saturday night official visit buzz,https://news.google.com/rss/articles/CBMisgFBVV95cUxNSUdMOHdRclI3Z19ud19KTzdMeXV5TVFyX01RM2xVZlpHekJMT0pWUlc4dE80ZlBqZWlfcTJndDRLSXJyMnhJM1R5S1UxOUg3WHFUVGE2TlpmUE1ZNXNmZlpMLWRxYWJMa2k1UTlJdk9tbEs0V3g5N2VTeVBTX1hYWTdtODFlZGRqdGFYc2t5YUhiNV81ZDBCcC15UlAwNEV1UzhIZzZycUVVQ21Ebl9zdWJB?oc=5,On3
2,2026-06-21,"Apple's Tim Cook Warns Of Price Hike, Intel Soars On Trump's Apple Parttnership Announcement, And More: T",https://news.google.com/rss/articles/CBMihgJBVV95cUxQYUtFbHQ1X3BUNExzX0xDYnpsRXdqeVBWLVBXNVVXdjF0RjZnOFpEZ0lSN0xLajBraGpDRUtJMXpiMHk5ZVhobVREQ2JubHF0a3JnQ0VJT1ZmcmhKRUVZU1EtSHFZd2VYd0p0SnZUc0VBcjQySzFDX2pldWtpY3lwYVNSS2pMckF4Sk5JckVDWVlNaWpGZ3dYSHhxN1l3Z2V0NmZDS0F5OERTQklFVFdEcDFXa2ItSTVhWTE1TUZrYXRvRkYxc2VlV3ZjQ2pOVmQ4eUJNd2N3UjlXN2RZUHhyb1JZOWl3Z3RXWE5ZU1p0TUxxc2ZWMnNNbHFUVkNVdlBpZFJxNnN3?oc=5,Benzinga
3,2026-06-21,"WESPAC Advisors SoCal LLC Invests $508,000 in Intel Corporation $INTC",https://news.google.com/rss/articles/CBMixgFBVV95cUxOb0dDVTZIc3dpWmZaS3BLN1FoQ3ZPTEhsUDZGTTl6UGItZ2JVNUpxb0JYbFhrQTNIZXpHWXZKVjhEeXR1WVRjVHpwcWpiM0NNY2l6dVp3cnF1WjRFY0lrbWcxamJreXlGOWZkcTF3TkJXcjY1OHlOb3paejBhU25ud0FieXdSUzhKeFFPYVFjeFVLS0lIOXZic2dYQlJ0MXFscUk1V3NteGt6d1BlTTJiTzZZUWdNby1nZ2hzWXJjajhRY3VDaVE?oc=5,MarketBeat
4,2026-06-21,Intel Appoints Seok-Hee Lee As Executive Vice President Of Intel Foundry,https://news.google.com/rss/articles/CBMilwFBVV95cUxPb3hNdThrUzlHMDZvRFlEdXFIUDhFMFUxazJwUjBvRnJvcklXalZuYkZxNGtseFV4NHpiWlJ3TUxrNGhfaFdyaFRDT2JPeUJJaDdMRnM0XzlYZ2xtblY0Wkt0aG1xSExmN0FFdHd0dU1aV2JnN0pvT2YzX0xqTlhUdWo0bWFaS3hURjl2dnJIaG5Zc0dGalkw0gGcAUFVX3lxTE9XYm1xbjZCVTdQbkd0ZGlyN2FOSHJvR3Z5bjFzUk43RlJyYVl2RE1vRm5fU0ZMbnhidFFmRFVUMGdPRkg2dVpEZkNOSlhCMlNHMHI0ZVVfVEtKOVpTT0x1Y0RUVE9uZFZ0cmNTVng5TkFYaHBpekJaTG16cmJMMUZVaXlYMXk4QW9rTFFTRVNvbjRuSFFFTVJLRkljTA?oc=5,Pulse 2.0
5,2026-06-21,"RFG Holdings Inc. Invests $243,000 in Intel Corporation $INTC",https://news.google.com/rss/articles/CBMiugFBVV95cUxQUHFZRFFLRWhHM2xPZG5RVTlWcXdKRy14ZnA3bG4xYjBNcVZpTmVFWDF5QTYtSWhzZl9qRTcyek95OTVFQnoyQW1OcVlCbWhsVUI4a0lFbFBXU0J3bUY1c250NUViQkNkX0pxak1scGN3QURYZWE3N0ZXS1pzcWxTOXlvelF1YlFwTlNwaHRxVWRhTmY0UUVRN21jQ0tTei1VWWdhQnZyTkZqU3M2dFZuSW5POW1OTGVUWkE?oc=5,MarketBeat
6,2026-06-21,System76 Refreshes the Serval WS Linux Laptop with Intel Core Ultra Series 2 CPUs,https://news.google.com/rss/articles/CBMipgFBVV95cUxONVA5SUhrYzZleE12bjJEdDJRcDcxUXJhUlkwcF9GajEybkZzLXdmR1laNWpsbElWNDdnZ1V3eks0YVY3MFNtNDZKWXFMdUEyQXFyODk5Mi1DWUtoN3l3emZ5QnA5d3c0SC0tOU00RENUdjhtMTBPVkFib1lJOGptc3E3ZmptWnI3RFpPTlJLa0RrSk9aMjlRbWRTZHB6M05NRlJJQ3N3?oc=5,9to5Linux
7,2026-06-21,"19,835 Shares in Intel Corporation $INTC Purchased by Kavar Capital Partners Group LLC",https://news.google.com/rss/articles/CBMi3gFBVV95cUxQWkJxUkZCZlhtc282cWxXeGxIblFPbV9Ta212NUZTOHlaZnZTdkZlRU1Cd2EzdmtNQjkwSUdQZ1NVTXhxNGxUb2RSZ3gxYThINER4QTFGR3FrVUEyUTJTQlQwaUpIT1JIanNKeVFnTjhNNk0tazZIX0JZQ3c5WE9YX3lQQTNRaTBDc0o4aVA3NjQ0MWgzbER3RE5zX1BQVFpEZldiZ3FoUkhpWWRYZWVyRUlLZ2dpazAxR092ODFBTVB4LTVGMTNQejd6RldIX3FtNDVaUDR2cUdXcm1Fbmc?oc=5,MarketBeat
8,2026-06-21,"NBA Intel: Giannis Antetokounmpo, Jaylen Brown, Kawhi Leonard, Heat, Pistons, Blazers, Nets, Suns, Thunder, More",https://news.google.com/rss/articles/CBMiygFBVV95cUxORXRfSU03VWhKUlRIYjF3M1l3VnpDYmNyQ2JVOUg4QmR2VWhvdnVHVmF5eVFlbXdDWGNDbVlWMDAxUDQyZGo4SWZONFB5U0lDNmdEYXNENjJhejctaS16cWYtY2tYWFRMbE0wNUVJcTl2VElidnZZU0NCQW4zUE9uRHI1cHpocWFTbnp6NmduOUdWdVhVdTdja3R2MnpGdGY2Y0lkcmxqRmV1OGxLNE1wdFAtdV84VmZPOFJLZ19FV3JKT3U4WnZrOFBB?oc=5,HoopsHype
9,2026-06-21,"Trump announces Intel will build Apple chips in US, shares surge",https://news.google.com/rss/articles/CBMia0FVX3lxTE9tZFo1VEF3bzlxRkFFQTdKRkV3bERwTlJqRlA2NmJ0M3E0Y2pneUcxdDdnTnBHNkRGbkEtZkl2cFI3OFlXREJVR1UyS3BDY3lNNkhJSHpybW5JS3hnOGRzalhiTEI1UXBtZWE4?oc=5,mezha.net
10,2026-06-21,Intel Stock Jumps 10% After Trump Announces Apple Chip Deal,https://news.google.com/rss/articles/CBMihwFBVV95cUxQa0UtM0xxbk96bUtGaXdGU3pWenVzNlJFbmVuVWZ3UHZHeEZvaVJYZXBXaWZObVZicXotcUUxdEpPVFlWamdObHExWE11TGZhYVM2a2NxbmZlckJHb0RZN0hSbVBOUnVxVTJWTmxaZkFETWN2TWJRQnBBeDZISXdzc0o1NHN4c2s?oc=5,Memeburn
11,2026-06-21,Entry-level Intel Wildcat Lake CPU posts PassMark scores close to MacBook Neo's A18 Pro,https://news.google.com/rss/articles/CBMizAFBVV95cUxOY3NZWE9jOFlvb0lZOW1Sb05tN1pnYkF0R0lNeFltRVlZdENVaVFhcmNsQlpWbGFDcTNrRUtLZWtFa0xHRWgxakZnVm5GbGNqcU1EcldwaWVPMnlJb3dLNTRKMThWVE9NdVhyTnM5ZFh0dDFtVHowMVU0OEJfYnQ3bTNaWTZuY09UcWpaMnhFN1VaZFBSREJYR3dsb3RlUTR0ZXprV3p6SmtUSDdsWEE0M1pscGZkcEFfZFVxeTZXUU94YUNfLVlpclVFUWk?oc=5,Notebookcheck
12,2026-06-20,"Michigan offensive line INTEL: Where things stand, how it might shake out in this ITF EXTRA",https://news.google.com/rss/articles/CBMi2AFBVV95cUxNR1FpdUF5VUZVZmVIOThKMWFuLV9taHBKWE5Uc21FSGJCRFhaY1ZHUWJsajlkU28wN1lyNERGTnc0U3Y1bGJveW1zRzU0cFlPTjZXZ1JIVF9qTldyVFJOWERDdEx1OVFxUE5oQU9rMy1JZGlTODUza0JOSUdwYm03WExpTE0zWTNUd09XcVh6WU00eHFQUzQwem1VY0FRWGc5aWZTUW1rSVllX2ZSc1hMejNXMjRBV05OajlMQnFVOUNIOHVSQVRTdkQ3aVBURE5zRHA0N001R0I?oc=5,On3
13,2026-06-20,"Apple, Intel, and Washington's New Investment Strategy",https://news.google.com/rss/articles/CBMijAFBVV95cUxOaEwycGxSR24ySDNpQ3pHQ1FjQ2dGRU1TSWF2YzVDMFh4R1lrTHUydzBSQkQxRks4Q2FEMlYxZ3lIVXNqWWVGLTc2QmlNa3JLaE1jd1RGXzJ4ajB6SkhXcVJ6V3Y5bUk0NHlZOV9IR2xJbFFjSFVGWmlTazJmcWVabXFTQnVQLUJWcUtIQw?oc=5,Dr. Robert Castellano's Semiconductor Deep Dive Newsletter
14,2026-06-20,Why Intel (INTC) Is Up 7.6% After Prospective Apple U.S. Chip Foundry Partnership News,https://news.google.com/rss/articles/CBMiiwFBVV95cUxOdUFKYXhsYmgxa1d5VlI0NFpXckJkdk5VRGZkeGhQRXNueU5JS0laSHhrZ3dSVy1odXBVZzFuSXJPc3plVW9xcE45ZllBSlcwU1ZGcEdwQ1ZLcHZqWk5aUTFJWWtPdl9ob3dtX0UySWhrTC1fLVNXelJHeGlsalRmOVR4T3F5VldjZy1B?oc=5,Yahoo Finance
15,2026-06-20,Intel and AMD's new ACE CPU extensions bring an efficient AI-oriented instruction set to x86 — a new design makes matrix multiplication more power- and density-efficient,https://news.google.com/rss/articles/CBMiuAJBVV95cUxQdHpEamZ2OThvRURzLWNfRmsyMURWckRiSHNkMXdZRzNodVQ5LS1HR05OQTNNX0x1b0FGWnJEeU4tQmxpbzVxWXdiM1IxVzJFcnZvWlVoWFNYUk04Rm55SGFuNzlNOFQzUnVCcm9PeC1DLXVDYmREdjBHNUViVFM2cXQwWWZ4TzdMeHZqcERMT3JxQXMzbWpNMTBtUXVfeGVBV0dJVE1TMGdDaTJ3UGNKRHdhSnNKWmdCYllqN2w2UnlIZlc0U0I5UjEwcW5uWGhxYktKcDB1UGNPek9la09udFQweUpOMjJuTENFTHFjaEpUNHNveXViV1hmY0R3c05uTVNaNWZQbUhrQTZUS0FCeFZhbGdtTGVhRkQ2amJBX3dnZkEyZWVFamEtajF4Vkc5bmx0SURSbTU?oc=5,Tom's Hardware
16,2026-06-20,"Intel Core 3 304 'Wildcat Lake' CPU appears on PassMark, matches the MacBook Neo",https://news.google.com/rss/articles/CBMixAFBVV95cUxPM0UtMDZCVnp3SVZiOTF3TGJzcHdQMWhLbVk4b0V3ZXF3WTdreG5iYjJfODVDNDlHZlJtbDlyV2Q3TnlVVzNxTGdyUXBJbFpGZllHd0NBUUNKck55YndRNkUxUURJZ203Q0VnWDN2UUUzbHYySDZSZDBZNmxxRTMzSU1Id0phemMyYjQyYjdGWTJWNEFxX21EZUdQaGhHN0JsVHZKWmtZbDBicUZGUXVXYmpyclJkV1ZIa2p5Z2U4dHQzS1pZ?oc=5,TweakTown
17,2026-06-20,Apple Intel Chip Deal: Impact on iPhones and Macs,https://news.google.com/rss/articles/CBMiekFVX3lxTE5oSmpJV0FrX0kzd0pOYmRBZkR3NUVyVUJ2UzUwZW5NNkxaRGk5UXhtWTlHM1o4X1JYQ1UzQnd4Sl9BTHAycVZvMnI5UTRyX0pJUTF1UFVBNW12b3kzTDJIbF9WRUw1TmozOHIzbVhabHM2RTI4cy03cUln?oc=5,Memeburn
18,2026-06-20,Jim Cramer Highlights How CEO Lip-Bu Tan Solved Intel Foundry Issues,https://news.google.com/rss/articles/CBMimgFBVV95cUxOT3FzWVNQdnVucjM2QlZvd3ZDTFBCVVBEcmJpTTVscmJZcl9ZVjVfMlM0d1pHZm9oZjU0bzZub0FsQnVGYlU4SmhXN28xc1VLbGpPSzZZb3RHWlFFSXJaZXJXZnpkelVhQVhPcXZoV29EcElES0FNZ2lURUhEaGJvWXExNm92ajc2Z1J3OU5rV3p6VFBGUlJYTUZn?oc=5,Yahoo Finance
19,2026-06-19,Sentell’s Intel: 4-star anchors final big weekend of UGA official visits,https://news.google.com/rss/articles/CBMi4gFBVV95cUxOR2I2eVFhcVlzY0VKdVhUSXFBbEVEZlRKM3FUaTFxczJsRkZfOWxORWF3cGhBUW82WFZzRkhOZEdMQTg1UkJhZ2RYTXJ5N1BwRUl4YVZHSmQyTVUxckpzenlWVl80MVpic3NJVG1nUmg5ZnZVWkh2NkNBM3JRUVdDS1ZpSzBYeDRlT2hfZmNGTG9aZ2pOTDVxYjFjb2w3aXYtZm9kNlN2dVhEcG0xZEd0RUJ5LXlNZ1BqQWR1aEFmUE5VVHlwdU1DejEzQlNBNGxJVGpEdHBrWGVzaGVPWlNJbGtR?oc=5,DawgNation
20,2026-06-19,Intel hires former SK hynix chief Seok-Hee Lee to lead Intel Foundry advanced packaging — company establishing section as 'focused business with dedicated leadership',https://news.google.com/rss/articles/CBMiygFBVV95cUxPa0pFelY0QXhST3hWWXBkN2VzSXh5RWt6V1dHU3RBOEhscDFzNWJkZGoyOFJ3eVB5d1liYVFKVjJzamw4d0hfcHUxU3dWYjNSTzJuN05GT01pQnVRVnlNel9lX2tHYlBGNDFDemJZWTRpRll5YlhOUEZUSkxjZlNIOXR2VjRVa3c0aXZSc08tYkhYbEI2bDd4dFc3WUhnYkdvRUM1N2pnVG9HNlI2V1hsZXVGNGIzUUJkQUVWX1BoM3g0c2xaU0prWjNB?oc=5,Tom's Hardware
21,2026-06-19,Seok-Hee Lee Named Intel Foundry EVP,https://news.google.com/rss/articles/CBMilwFBVV95cUxPVjVqWHBzUHZHRGx0M1ZHTktIbGZ5N1VlSFZmUXNXRGxxRXhqeDZ2VE9NaEppYWxKSEdBRXo0SzhNQXhYVVVGNFQySlRTZC05cmdock1QWW44ZlRfMndnX3V1RF94LU53WXFhdU1OeEFIWlRkSk00MnBKYjhXNzZ2d2JkLUNCdWhOWlFMRkRWdVpUalRCcXVB?oc=5,ExecutiveBiz
22,2026-06-19,Prediction: This Stock is Going to Plummet in The Second Half of 2026,https://news.google.com/rss/articles/CBMisgFBVV95cUxQVTZwcDBfb1RqX00tanJfNWdsNXN3ZlFXdlk5Tm44bm9aOU9HdE1DN0xReHlwWGctZFFNSWJsZjBYUHl0WDVvZDlINzZvdTEwcktsR1BrMHBJMUtTQ1E1LUhVRTZsRl8ydzZ3SXJ4YnVHTXNwY2FBTm1BYU9PeElhVy1EdmdXN1Boa29US0xlUW14T1diZHg4SHJQMXFPSWlDeFBQVkhpTWVjWHRqQTduVWJR?oc=5,24/7 Wall St.
23,2026-06-19,Intel: Priced For Perfection Amid Game-Changing Apple Deal (NASDAQ:INTC),https://news.google.com/rss/articles/CBMinwFBVV95cUxNY2wzdlpReUJCaVNFSHVyN2hacXI3LUZ6YTB1dFhndVgwTUZKV1I5bWF0bGl0Q043WE5Va3ZzUlp6RWZEVGFDRU5wZzE5d3FITmx4M0JSeTdabG9XWkhheFdxcW1vRlVnak5nUjlLbDFkYnBDRU1FR1JCVWFVZF9lUHRLUzJoSEZlVkE1NUlueHpReklSdFZSU09ieG85dkU?oc=5,Seeking Alpha
24,2026-06-19,Cramer’s Intel bet rests on one unproven number,https://news.google.com/rss/articles/CBMilwFBVV95cUxNTzhLQ3pqNE5MVzQ1Um1VcUdGVDJ2SGhlSEtJWTduVW9OZ0hRdG1BMHczdXFXX0xlcURjVENBdVRJRXhEUEltclMtNUpMMDQ0UkI1TEJLNHV6dEJodDNUbHZPb0I3T2k3TDItZGZ5aFNPcWk2ejRRTmNvNDQzWFQyT3ZqcHgwR3lpQXZtTU1QUlJaRWRHcFI4?oc=5,thestreet.com
25,2026-06-19,Pulte seeks major cuts in first day as intel chief,https://news.google.com/rss/articles/CBMiogFBVV95cUxQcVc0RmktUXRodnlMcTVVTFpKMlBsd081NFlOa2dTWE1JM2E2RzRfSnlDaWNydl9BX25yTDg4LS1Qb0ZzQW5DejBLU3llWVVLVW5GRTRWbEg2SFB5Q2lzdkt0VGFab0NUWGpYMkk3Zi1Ucy1WLWU0WFRXRUNZNXJ4LUpGQmszb3FRQV91WjMyelpCdHN1VV9vSGk3cW1VRlJhQlE?oc=5,Politico
26,2026-06-19,How Pulte’s new role is a win for CIA’s John Ratcliffe,https://news.google.com/rss/articles/CBMiwgFBVV95cUxObHM3SldJNGJvR0pTN1QzTExvNHZmQW5wOHR0LUpvbFFMVGl6aUZOeXp2a2xVd2VMQ3F3YjhCa19pUU5jeGpHcDFMbkh0c0NOYnktaTBLUW9oWnk3YnFTbU04S2h6OURGS3BMT2lTeFk5d3FKQWx1SEN1cWxETkxMZjlfcFNSeDhRRTJndmlKalJoYlJyUGlNTzVxZWFoR2RqM2xLMnA4N0NXNk5RcDl1WnZLOWVveVBXOXdGYnV4WTBDUQ?oc=5,Politico
27,2026-06-19,"AMD and Intel arm x86 against the AI gap with ACE, baking matrix-multiply engines & low-precision formats straight into future CPUs",https://news.google.com/rss/articles/CBMirgFBVV95cUxNWXl0MnRCQVViRGcyb3BEMkpRc3d0TlZRSEREcnJVMFR6aGg0d0ZYUWNsbTd4Snc5TzV0VC1tazVwU3V4THVjY0lXcFhzQmJaNkw2UHZHdUJnbEJfUnlEcVdVUU8xeG1MRXJCa1BqYXVVTFZOcldaZXBEc2EteXBqMlJMYThIY3NUd1FyQ3dmR3lGVERIRGxlTTY0LWZrOTF3N2lJSnhPYndGaHRzNUHSAbMBQVVfeXFMT1o5ZWNIdmRKZ09JMmhfYmpBdDM5QzMtZzVmZzN6UDhKSEl6am9DZHNzVFZJUnFoT3VUTXhNbDYzdG5jb1Z6NlJrQ3R1VmRwR1JRNjV3SDA0ZjVnT2hBd2dCamg4TnpRbnRqN3BmSXJiYmVSMnVDNEVjTnNlVkJFQ0tYNFA0SUJJT1JTY3JWbU1PS3g4MnkwRzRPNmJLNGlWQlc5dG1ISXZDYnRGQmpTYjYyRk0?oc=5,Wccftech
28,2026-06-19,"Analyst Warns Intel Valuation ‘Doesn’t Make Sense.’ Suggests NVIDIA, AMD, Micron, and Broadcom as Alternatives.",https://news.google.com/rss/articles/CBMiogFBVV95cUxNUWpMdEJpT21FR3FiblFsSWRFcFVvRFZpWHA4SDlaLXA1NTA4UlIwZldla0lGTlJTZDhoMTVieFVqa0h1Sjd2NktoQ1ZFNl8zaGh4VkNUOUhLUDU1ajkzREljYnZOZVhJWldGbVc2ejJaR3RFRjZOSmhqcTloYy1UYUtxOVRzY3dZY3JPMWMwU3hHemMxUW83N0xfMTM4RjNhYWc?oc=5,Yahoo Finance
29,2026-06-19,Intel Stock Soared After Trump Said Apple Will Build Chips With It. Is It a Buy?,https://news.google.com/rss/articles/CBMimgFBVV95cUxQVWVqOC1WamFOX3h4V293VzVzSWEyVmRVZFA0VUt1dy0yX1d0THRVS0d4a1F1QWxQQUNVT3hzMmdvRkdOYk41b1EtSjlTbGVEMU5zMkJiUHhFbEgzQ1FGOU01Vzh6Z3RJLTU0azl0QTVqYXcwUnBLWEVvSUh0YzdHZmNuZ1ZoSDFRcGEzc2xyOUhkOG9rSVR0Mkt3?oc=5,Yahoo Finance
30,2026-06-19,"Apple to work with Intel on US chip design and production, Trump says",https://news.google.com/rss/articles/CBMilwFBVV95cUxNSWp3c2k2V19xTVF6ajN3QjlEVG1ucUZXWEJRaDBPREpwTXliWTVfaF95Qy05MXZzQ0ZubzNzVVVhckoxS1lsNE52ODA1NlVGSktudklGeHZfRldVVWlTTmlwX1JnWWdiVngwdW5IZ0p4TUJFSEc2cXJsLXpPNzl2YzQwWTZrMXJ2bVRad2FzYWRUVkxNd2VR0gGcAUFVX3lxTFBLYzRyMklYcEhKSFhsVjgzblRvYmowOEp3bkRVdk9ucFB1Z241UUR4NkZIX01XckdRbFlVcmo2YXh4WjhkX0d4clRpZVRaTkt3Vkl1SXpINVdIRUFBb3B1WUNhd01OQThHeWQ3eWdoUFhrNmZXLS1LR3dZVC1UWk92U0MxYXByUUtKQTJBT1VnLTdma0g3LV9Wa0VUQg?oc=5,Fox Business
31,2026-06-19,"Analyst Warns Intel Valuation 'Doesn't Make Sense.' Suggests NVIDIA, AMD, Micron, and Broadcom as Alternatives.",https://news.google.com/rss/articles/CBMi4AFBVV95cUxPNXJ3TlVIQWUzVkZzSnpYZlJGVUJtTE0xZEk3NDVLRmlPaU9zaVI3MlBzYmIxSWJQemVVTU9pZlhCS2daR3lLdXBGYWo2VVcxWGVvZXpKbkFYelRrTi12N1lLXzJwN0dJSFVSX0gwSXdiY1ZOQ2lIWUZsYnEzT0J4Q2U2c283MHdNYWlrSGduRjBqYkRRQ0ViY3cxVmttMWdTVHRuNVBVSTRidFdIa1lpQ2xZODRuR3pOU0VaLXlYSmM2OE5RVEZaN0JTWWNBNXlpQ1V0Ymg2MC1qUmJ4ZnVhSA?oc=5,24/7 Wall St.
32,2026-06-19,Intel surge hints far beyond Apple news,https://news.google.com/rss/articles/CBMijgFBVV95cUxNVGR4dmZOV0U4RTB0UkF6YkZTamFwZXFTVjR5Z014S1VzTkRxd0ZhNFhhTTBidU93cGlxNHBkYk5HVGJwVm82Sldiak5UMmpMaVIzc1N0aDdUQzdPLWRQNVc0Unp5UHBaSWFkMzlkTi1KRGRZTVdieHU0VVhDRk9hNnlCbWpPd1I4N20zUFF3?oc=5,thestreet.com
33,2026-06-19,Intel CEO Lip-Bu Tan Spills The Beans on Elon Musk’s Problem Solving & Reveals Potentially Major Chip Supply Chain Shortage,https://news.google.com/rss/articles/CBMi2gFBVV95cUxOOU1Xb0N2d1MwTnNFcGlvZXJDbW5Va2lmd1g4b2FGaWZMQ2laaDYwbkVQUHhXUnBWR3FuVmVXT09Sd1ZuQ3p2QW5XRndfZExOc0lCY0tDYkJfaTNlejFESnNVR1J4S01GSzhoTHF3Z3g1MXBuSmVKdmJ5Vk52TTI5RGZIaWczZlVSSEJLcFRvNFlhR1FwUDFWTmpzQmtUazd4Q1ppaXFudnFoRVdZNVp5YUozdHlRTFlOdXBlMEJZV2pnZTlDQnNJR2lKMUs2WjlFdzUwNzluREFsQdIB3wFBVV95cUxNRDVtaHRyOXFPTW5vc1RiZVVhbVVVZ1VzUl9DUk1lMDdpOEdyOTc0clo1ckVpTGhRaUVuZkRheEQyUDA4VFdTcGlvWkNLY3IzSnJ6MkhFaEpTSHk3UnVLcUFTbFd2UHBPZFJfY256dDhjNFJNN19DcFk4d3hiQjdPcktYMk1vSjFLZ2lZY0EycUF0UGlOc1V5QzF5UXlGcGNlUW5PajNKMHBTbl9qQ2l3aVI5d1JTUlRJUlVxRi15S08wMVhySmFyRVBNdnQzbUIyd0FERDU1anRRUDFiMUQw?oc=5,Wccftech
34,2026-06-19,Why Intel Hired the Former CEO of Micron’s Big Rival SK Hynix,https://news.google.com/rss/articles/CBMigAFBVV95cUxOTjJBNWNPOGVIV2JuX2Z0X2s1VWhaUHdqUDgzcHVuX0x2N1R1a2Q3TFhUdm9kWFQyTE1PRVZ5ZkZNUVZTNHN5ZUFQa011OWdmRDctR0c0WXcxZk5tZDBWdDhSa0t4emdlaGJKYmFwcUZZdS1KMzBBejg3eXo1REhtTw?oc=5,Barron's
35,2026-06-19,Better Buy: AMD vs. Intel After Intel's Monster Run,https://news.google.com/rss/articles/CBMikgFBVV95cUxNeVR6NW1aeS1wWThsWVZDNzBoOGtwZ2s0SWl3NnAySXRYTzhTdWtaUTR1cHQxSDhzbUlpWGx4M2R4a2ZDLVJYQ091Q0FfTUs5dVVrN3NpY1B5WlZha2FNSURybHpsaVllWE9qOHJrSlZlUnltWi1JeFNPOUlHNFY0SVBVUWdILVVBamZCWlJvNGdHdw?oc=5,Yahoo Finance
36,2026-06-19,SpaceX Stock Gains the Size of Intel Since IPO. History Has a Warning.,https://news.google.com/rss/articles/CBMiekFVX3lxTE1ieXhidXVCTlJFYnJ5TlB3Mm91Wl9EM19oYlpBR2ZjTUVUNUdFYXpyZ3ZGSlk3UnU2UE04aDdPalZKVWVYLXY3WEQ0WHNqNFlXcFpjcC1oZ1hkY01ma3p3TWRVdW5ReEZERmJmVDBMRzYzZXJSMzJBWmJB?oc=5,Barron's
37,2026-06-19,Intel Announces Leadership Appointment at Intel Foundry to Accelerate Development and Manufacturing,https://news.google.com/rss/articles/CBMi0gFBVV95cUxPREJTbGE5N1BUYV9xUEpxa2IyMUdMWktLakJOdnBBWEFLTFREcHhKVXhRRHVfaDhub1pOVkFucVRobHJmbVhQLVp5dkozUlFTSE1YZk5IejBxWk0xSDZ5R2xuV3JMNjBNUGFycXpPeVFkdkV3MTdBQ0hIb0dIalFOb2h5b2R6dk5USVIwem1RekpnT3gwbkxpYXZPaEkwWFMxbzVNa3Jvc0MzM216SHZCNENrN0hSU3A1UER4TVJuMkhDRmhxVXFqaVJkdHRxZG1zSkE?oc=5,Intel Newsroom
38,2026-06-19,"Trump’s new acting intel chief Bill Pulte arrives early, eyes firing hundreds",https://news.google.com/rss/articles/CBMigAFBVV95cUxQc0ctcWdpdlhmZGJJcERnT3Y4bGRxdUg1YzJFdHN2bVBEUEJnNnNiMmd6SXVzWW5oeDdhZEpKek02Mm1aY3dBY2g3cWhVd25OMndDQ0dSeWFzUWg5alZORjVPNEM5Q1BvMDJubmc4TDlyUnB5U2h0cm9CVm9JeWxMVA?oc=5,CNN
39,2026-06-19,Beyond Trump Hype: Does Intel (INTC) Have Long-Term Growth Catalysts?,https://news.google.com/rss/articles/CBMimAFBVV95cUxPdkhIU08waU1UZGtwUGdfcmVfM1d0WUMzVWtZRHpKbG81Y2U4d0JobVg5R2p5dmNSYkZnM0ZCZmd3TEJ1MzMwcy1IZzNXaWVLbGlSTVlsdjJxcGVyYUdlSHljOHRiREY1OWF3SktOb1VnQjF2VzNqNS10d0wwTVJrSE9vR2FRYjd1ZHd5ZzNpUzNaQjlWdTFHZg?oc=5,Yahoo Finance
40,2026-06-19,"Big 12 post-spring insider intel: QB updates, a 5-star's resurgence, breakout players and more",https://news.google.com/rss/articles/CBMioAFBVV95cUxQXzJ1R2RDeXZBLUYxRjgzZE5iZEl4ZDNOTUNyYzdMNGQ2MmQzMXVmakJpdXA3NnRpTkhOMHJCYmlxTkhubk9QcWg4YU1rMFp1WnppQVRDNkZvUUZWdXJBZlpKWjV1czRqVWs5WXFzNVJlcklxYnZaUW9hRDNyZ1dLcVU5a2RSVjFNV3gtR1l1RU01R0tjbUZxZ0VYLXNFRC10?oc=5,CBS Sports
41,2026-06-18,Intel shares jump after Trump says Apple will work with chipmaker on US production,https://news.google.com/rss/articles/CBMigwFBVV95cUxOclVxNkF0ZXU2cDQtSUNoNUNqV2xaMGUzZjBoY2RnSU5HODhiSl9tR3l2VmdzZXB6d0dCcTlHYkN4aHVyOE01T2lmRGhWMmhoV21fSG12czZ3MUJuQ3FNdmQydHJDQVFUX1kxWUx6SHZ4ZHJYelR2bTNKdFBnQWZsdVJhYw?oc=5,Yahoo! Finance Canada
42,2026-06-18,Intel shares leap after Trump says it's working with Apple to make chips in the U.S.,https://news.google.com/rss/articles/CBMif0FVX3lxTFAxZ2FqQWNWOEE2bjBXY1VnazVBMWFLamR4WTNtLWRnZ2htV3IwWngtdm1IMmpOS0I3ZU53d3ZMWHZaRlI5QTV5VTg2S1hZWVgtYWZlZ0Q3WEx0T0pZY0ExR0Rhc3J5WWtCOVJIOTZycC1lMndIYURrSFhvcklKeUU?oc=5,CBS News
43,2026-06-18,"Trump claims Apple has agreed to buy chips from Intel, boosting its stock",https://news.google.com/rss/articles/CBMikgFBVV95cUxPeFQtSU9qYUE0SVBwR1dzTVFPMlJ3UXowckxoVzEzR0oyME5UQl9lR0U2bVVycHFTdTRKU1UwQUtYUEpwZm9ybWE2R3Z3Mjgwd20tUEdzaU45T0V5OV9BaXBXRDhCMFNVRms3MU1PRXZDdllXUDVfUTF3Vk1raFVqbDIwaGlkcTh4R3M0WkdsQWk3QQ?oc=5,SiliconANGLE
44,2026-06-18,"Trump's FISA threat is like 'cutting off your nose to spite your face,' says Sen. Slotkin",https://news.google.com/rss/articles/CBMipwFBVV95cUxNZmZPZVoxR2p3ekJqWUZteGtnRXN5Ty1Uam03QkdkOVMybFpPa2IxbWh3RnEybU9WakJlR0swdXQ2T0YtTzZUUkc4U1dDQUc5S2tjNG5ybWEyNGtETjRhZERTTndMS0hhVWV2YlNfOUV3VjlFdVYtUzBxb3RQVGp2cjNvWS1oVEVRU1dQZ2hNRHB2ajlONldaZDVCQmsxU0xyUWlhT0UtMA?oc=5,NPR
45,2026-06-18,Intel gains 10% after Trump says company will partner with Apple on U.S. chip design,https://news.google.com/rss/articles/CBMie0FVX3lxTE9EYlA1MHNsNk83YllqeGQ4NjVjajZXSnpUdHRUcU1OaTZoM1hXUGZhb2ktT3BFUHBVTmEtOFowaUw3Qk9LWHJPeGdJWmRrWXV0YXBYaERka3kwMzlGTVAteFA4X1BQSlFKNy13QjZWb2h1UTU2azhmT3VPMNIBgAFBVV95cUxNajJvNDlLalFrd0RUcldYN0tHVUZlOEJfX1Q4bGZ3M004S2ktUGY5dmFFd0Q3R1Q2djBzN1NvQWJSSksxYWVjTV9NdW44U2ttTFU4NzRZNzFCSHBWWlB2VXowcGt0dlFWbXM1bkhwTjRFY2l1Qm1HVHFDU0dEUTczcg?oc=5,CNBC
46,2026-06-18,Intel Soars After Trump Says It Will Make Chips in America,https://news.google.com/rss/articles/CBMimAFBVV95cUxPM3dsS2R4NFA1TVRuZUtoaWFMXzgtV1p3enRTamZ3azB3Yi1Udk51QjRVQXpSQmI5V2ZKdVJCU01CVFdBSmtHWEVVYW5zZm5rVkhNVXF4X0Q4MklkRkVxSExsdzZUbGE5VVE1MERuVVpIS3MtX0k5VmczUGo1cFBEUzZsY213MVFlRTBYcmJUSk9CdTE4Y1JidQ?oc=5,Yahoo Finance
47,2026-06-18,Intel vs. Qualcomm: Which Technology Stock Is a Better Buy in 2026?,https://news.google.com/rss/articles/CBMioAFBVV95cUxPZ09JUmJWNElQbTVzSXcxOWFzRUxlLUJBcWxlYk9YNzQxRHdTdnVwbjdkQ0FkNTEzS3JtVFk5eXVqejE3MlAwZnpUNEU4SjFaNGZZMTh3RUwybHdmaV9yaVpyMGtaQnFXeGZPU1RmYk1KMTNuS29ybUFUekFVYmtqUE93R01kTHhlM3FxTTlIX1ROSFVTR2tJY3NBYm1wb0N4?oc=5,Yahoo Finance
48,2026-06-18,"Intel and Apple strike chip deal, Trump says in Truth Social post",https://news.google.com/rss/articles/CBMiswFBVV95cUxPYTFqQmVCb0VDeE9oaE1sc3ZIVGRIc1pLcU1lZHNTTm8xczhIb3ZBcUxOSGV4MElYUi1kakdiUGttTkN1NWUwQS0ybkFwek5TUHAzejRCQU15V19Mak1YajlUMXZkYWJsdVE3TFV5Z2JQTUtTYnMzaGt1QlRTcjh5dGVvRFZBR0hDSzdOMjBDWEdtYXZ0aTdlb1ZpdXJIdjFldHVIY1NzdXdLclpJemFfMVdlNA?oc=5,The Columbus Dispatch
49,2026-06-18,Intel shares reach new high after Trump mentions chip deal with Apple,https://news.google.com/rss/articles/CBMihAFBVV95cUxOZkxFeTJYMzVJOGo0RU5udnFrOGt5WHItRWVfbE01M3d4SDEtZ1pteXV0MFFZNmk2NWtQUEJyV09lN0dtOVdPQlBOWTZBVDlhZFJydTI3T3hXSUhUNGFqVXMxdk1tc1hzWnp3VXoyU2VlUEZSdGRLbEFxc0Q2czNudjdjc1I?oc=5,The Business Journals
50,2026-06-18,"Intel, Apple, Accenture, Micron, SpaceX, and More Stocks That Explain Today’s Market",https://news.google.com/rss/articles/CBMingFBVV95cUxPRW5hcWtmMU15WHlIYWRIUXk3TXVzcGlRekZfb1F1Nlh3VFFQVnhBVnhOQ21lb01ULWp0cGliOF9hS0E2VHptc3hXREQ3S3VDZzdIM19ybG5lZk1uVUhxYVVDcm8zSG9CY0dzRFNpQWZ3S2xObGJ0QlNQZWdac2tZVDYyVk1NcVZSZzdFZFJyUm1mZUZYVTUyTVJGVjFMUQ?oc=5,Barron's
51,2026-06-18,Intel taps industry veteran Seok-Hee Lee to lead foundry packaging push,https://news.google.com/rss/articles/CBMiswFBVV95cUxNdVE2YVJoUzhHWXpFc0NJdEMxSzJ1cjJrX01ORTAzM2l2dU1lY3U3UlZBNHNXUGxSWHA4MGlEU21yNnlPank0WXpicEQwaFVOTFp4MnlPS0kxb1k2SllYbklELUozNkFZdVk5VFFwR3BTVy12SkZUU01zbjJUaktLMlFxY1JKdm1DamNkUmxKVGpTUV9WODh5bGsxWC1NeWJ2eW5ELTN0WktzaFJIaWk5UlV6MA?oc=5,Reuters
52,2026-06-18,Intel Shares Soar After Trump Says It Struck Apple Chip Deal,https://news.google.com/rss/articles/CBMivwFBVV95cUxNYlM2ZEprdFdVelV2Tkd4NFlubFJYTXFadUxtVXkxSF9scFg5dk91U0dKR3pkWENoXy1CVXppRjZta2hYZS1qa1BsTDJaWTNRR2ZwaVJrNzN0d1BrWlVJQVFOZUZLa1lLTnFVXy1xLXN3Mm1wdnh4RGtiM19vbDgyZzQtZzhqZXRKTkZPbEJyNzNkRHIySl9UZzBpZXJaZUIzdUdEbzQzLUFuVnhhbDFNV0VKOE5hazVGcjRJUHFBaw?oc=5,Bloomberg
53,2026-06-18,"Apple and Intel are working together to build chips in America, says President Trump",https://news.google.com/rss/articles/CBMie0FVX3lxTE0wOVBxdlhGQllaX1BKLUVBcXdEeV9PRm93THVEb3o5eENhOUJZUklpaEJWYm9QZ0swRzhuRGtVVTdVTVlyVHFlNUp2WTF2YTMxNkFXZkFZbFZZbzlKT0gxemV0SFpIUXdsNWFtWXd2MjRrSldvc0pRZk1OQQ?oc=5,9to5Mac
54,2026-06-18,Trump Announces Intel-Apple Partnership,https://news.google.com/rss/articles/CBMiggFBVV95cUxPd1B4Rjk1MzFMTkxyTUp0MzZNTVkyZnJGWGVHanVXOUx3ZFlRc2w5TlNjdi1Jd1FHcTVDanRkS0kwVDJyRWRIX3JSVnU3U2NXZ0NHZEowUjZxRE1OWjdSa0lZMG1ycUlXZHpUTUR0UVcxNEIzVzR4dEJRd3ZVeVUyOW93?oc=5,WSJ
55,2026-06-18,"Apple to Buy Computer Chips From Intel, Trump Says",https://news.google.com/rss/articles/CBMif0FVX3lxTE1jZWpDbTdNTGNZTTlvNXBHTGVPQWhFY2ZEWFUtaHA2aXNYTGt2SDIwUDlrN0c0MDJtS0JUaExmdDBYRW95SUZzSWVZUU9pMFVRTW11TVhWb01fY3JacWRZcHJHLXdxTEl2akJaZXJGQWpHbkczNHFvWjQzLTJxTDQ?oc=5,The New York Times
56,2026-06-18,Trump says Apple has agreed to 'build' chips with Intel — neither company confirms deal as Intel share pric...,https://news.google.com/rss/articles/CBMilAFBVV95cUxPNkM5eF9FSDdqX2ZsTWxTNEpXblBVaGpvQmNHamUwcm1HUGwteU4xNFduVW9yb2h4UGhUam1tRmI1ZlZTTkIxSVJzdmxSRmtrV1AyYklXVVJ4d3NCVlI2aUhuLU5iVTJKSFpyZm92akZTM2pHTVpCVGRPcHRwZ0tjSmxwSXZsZjJqNlNtRVJfM2RiOGZ2?oc=5,Yahoo Finance
57,2026-06-18,Intel shares surge after Trump touts deal with Apple,https://news.google.com/rss/articles/CBMimwFBVV95cUxPSEZyRDd4MUg4V252ZWgzbjNjLXhHNmNSXzh3V1dzVUJDR2RxUHZFelN2SlE5VDM5OVprV1JIa3U1ZzFKS0pHUWxueFJkREJ1WTNEbV9MUUx6Y2NrVVZvclY5WUQtMzBKSk9HSVZiTWJ2R21oOFNfWnhtOEg2bW5RT2dfalY3ajFWZE9rN0p2SVBobnF5SnFoNHh6WQ?oc=5,Yahoo Finance
58,2026-06-18,"Intel jumps after Trump says Apple, Intel reached US chip deal",https://news.google.com/rss/articles/CBMirAFBVV95cUxNSVlHZ2d6MEFlRldDYlg0TUl1SHBFbE0zWHM5VkxMRzMzZFo3d0pBYlpPOUI3TFRidDBFVGcwNlNNblJtWlFmMkZzb05QMVZZcnFZLW9sM1JMaGNmMTdZb1BBa0V2cHRoeXZzT0pUM2c0eDJsZTQ2R0tjZFYtQldOeXN5aTVmVF9WNGtBNTJhUWJMekwwZEJUWnVzZ29WSU0wY044ZXNuTmdUUjFP?oc=5,Yahoo Finance
59,2026-06-18,"Intel surge on Apple news helps prove company is a ‘real tech player,’ says Deepwater’s Gene Munster",https://news.google.com/rss/articles/CBMi2gFBVV95cUxPNW16a1dsTllJenYtWlpRZGZoMDF3Zm9Za2x6UUkzeXJ5UVhSd2Q3V2V3b1BjTkVPRTBZUWVQa3pmWm1ueHkxbFFKOFBiYzlpTEZNSFlKeU9qTW1sa3N6dVUxR3Qzc29CdThkNlV2cXN0VDlCSVJZQ01MVTdKekNpSm41a1V1ai13UDdfNVo5UDVUWU5qYnYxdGtxdldTZGN6bm5CcVFVc05qZ3pZV1A0YWJiZlQ0Q0VmU0ZSU1dFak16dzdMVzRSX3JHZlJza241dkhmdDN2WERIdw?oc=5,CNBC
